{
	"id": "willowwisp.bellyplus",
	"name": "Rotund World",
	"version": "1.5.0",
	"authors": "WillowWispy",
	"description": "Sprinkle obesity into Rain World <LINE>v1.5 Adds full language support, Visals-Only mode, and lots of tweaks and changes!<LINE>IF THIS MOD SAYS IT HAS NO CONFIG MENU: Your files are outdated and need to be fixed! See the Bugs and Issues section of the mod workshop page. <LINE>Pleeeease contact me WillowWisp#3565 on Discord if you have any issues, errors, or mod incompatibilities!!",
	"requirements": [],
	"requirements_names": [],
	"checksum_override_version": false
}