{
	"id": "willowwisp.bellyplus",
	"name": "Rotund World",
	"version": "1.8.2",
	"authors": "WillowWispy",
	"description": "Sprinkle rotundness into Rain World <LINE>v1.8 This final update adds detachable popcorn plants, new remix menu options, and more!...<LINE>IF THIS MOD SAYS IT HAS NO CONFIG MENU: install the Gaurdian mod and/or see the Bugs and Issues section of the mod workshop page!  <LINE>Pleeeease contact me willowwisp89 on Discord if you have any issues, errors, or mod incompatibilities!!",
	"requirements": [],
	"requirements_names": [],
	"checksum_override_version": false
}