{
	"id": "willowwisp.bellyplus",
	"name": "Rotund World",
	"version": "1.7.2",
	"authors": "WillowWispy",
	"description": "Sprinkle obesity into Rain World <LINE>v1.7 Adds many new rotundable creatures! Vultures, miros birds, dropwigs, and more...<LINE>IF THIS MOD SAYS IT HAS NO CONFIG MENU: install the Gaurdian mod and/or see the Bugs and Issues section of the mod workshop page!  <LINE>Pleeeease contact me WillowWisp#3565 on Discord if you have any issues, errors, or mod incompatibilities!!",
	"requirements": [],
	"requirements_names": [],
	"checksum_override_version": false
}