{
  "Title": "Rotund World",
  "Description": "Become certifiably Rotund and make the game more challenging by getting fatter the closer you are to being full.\r\nGet too chubby and you\u0027ll struggle to squeeze through pipes or pull yourself onto beams.\r\n\r\nEat past your maximum belly size to gain even more food pips at a reduced rate! Just don\u0027t get too greedy...\r\nPipes all have a random size, so some will be harder to squeeze through than others.\r\n\r\n[h1]Sprinkle obesity into the rain world wildlife[/h1]\r\nOther creatures like lizards and Lantern mice start with random levels of chub and will continue to get chunky as they eat\r\n-Haul overweight lantern mice through the shaded citadel\r\n-Point and laugh at fat lizards that get stuck trying to chase you through pipes\r\n-Become the roundest lizard yourself in Safari Mode by dragging prey into your den to eat\r\n\r\n\r\n[h1]Struggle with your friends in Jolly Co-op[/h1]\r\nHelp the fat ones in the group through small gaps by grabbing and pulling them or shoving against them\r\nUse the jump button while pushing or pulling to spend stamina and shove harder\r\nDash, belly slide, or pounce into stuck creatures to ram into them with your momentum\r\nNo friends to play with? Enlist the help of friendly scavengers or tamed lizards to help you through tight spots\r\n\r\nOther random features:\r\n[list]\r\n[*]Goofy sound effects\r\n[*]Iterator Shenanigans\r\n[*]Difficulty settings in the mod config menu\r\n[*]Should work with most custom slugcats! (Until fancySlugcats comes along to ruin that)\r\n[*]Store food items on your back for later (recommended! but disabled by default because it\u0027s a jarring change)\r\n[*]Point tamed lizards in a direction you want them to go (double tap map with co-op enabled)\r\n[*]Gourmand bodyslams do extra damage based on how fat he is\r\n[/list]\r\n\r\n[hr][/hr]\r\n[u]Update 1.3![/u] 2/28/23  (Finally able to update again!)\r\n-Added an option to enable gourmand\u0027s body slam ability for all slugcats, once they reach 1 bonus food pip (by default) (Downpour DLC Required)\r\n-New custom art for the Glutton passage screen, courtesy of W.James!\r\n-Pushing stuck lizards through gaps will slightly increase your reputation with them\r\n-Added the ability to strain with the jump button while pulling yourself up onto horizontal bars\r\n-Added lots of new era-specific iterator dialogue (spearmaster / articifer)\r\n-Lots more changes! check the change notes (top right) for full list of changes!\r\n\r\n\r\n[u]Thank you to anyone who helped translate![/u]\r\nChinese: Camiu\r\nRussian: pOpLiK_Owl \u0026 Pipistrele\r\n\r\n[hr][/hr]\r\nPlease report any bugs you find so I can fix them! \r\nI am not very active on steam, so feel free to send me bug reports, error logs, suggestions and feedback to my Discord! [u]WillowWisp#3565[/u] (or just drop by and say hi!)\r\n\r\nSuggestions and feedback on the mod are encouraged and appreciated! You can expect updates based on feedback\r\n",
  "ID": "willowwisp.bellyplus",
  "Version": "1.7.0",
  "TargetGameVersion": "v1.9.07",
  "Requirements": "",
  "RequirementNames": "",
  "Authors": "WillowWispy",
  "Visibility": "Public",
  "Tags": [
    "Game Mechanics",
    "Translations"
  ],
  "WorkshopID": 2928004252,
  "UploadFilesOnly": true
}